center,steering
driving_images\center_2019_07_17_19_51_34_642.jpg,0
driving_images\center_2019_07_17_19_51_34_712.jpg,0
driving_images\center_2019_07_17_19_51_34_782.jpg,0
driving_images\center_2019_07_17_19_51_34_849.jpg,0
driving_images\center_2019_07_17_19_51_34_916.jpg,0
driving_images\center_2019_07_17_19_51_34_985.jpg,-0.1
driving_images\center_2019_07_17_19_51_35_053.jpg,-0.3
driving_images\center_2019_07_17_19_51_35_125.jpg,-0.45
driving_images\center_2019_07_17_19_51_35_195.jpg,-0.6500001
driving_images\center_2019_07_17_19_51_35_264.jpg,-0.8000001
driving_images\center_2019_07_17_19_51_35_334.jpg,0
driving_images\center_2019_07_17_19_51_35_402.jpg,0
driving_images\center_2019_07_17_19_51_35_470.jpg,0
driving_images\center_2019_07_17_19_51_35_538.jpg,0
driving_images\center_2019_07_17_19_51_35_610.jpg,-0.15
driving_images\center_2019_07_17_19_51_35_676.jpg,-0.35
driving_images\center_2019_07_17_19_51_35_743.jpg,-0.5000001
driving_images\center_2019_07_17_19_51_35_816.jpg,-0.7
driving_images\center_2019_07_17_19_51_35_887.jpg,-0.8500001
driving_images\center_2019_07_17_19_51_35_960.jpg,0
driving_images\center_2019_07_17_19_51_36_028.jpg,0
driving_images\center_2019_07_17_19_51_36_096.jpg,-0.05
driving_images\center_2019_07_17_19_51_36_168.jpg,-0.2
driving_images\center_2019_07_17_19_51_36_241.jpg,0
driving_images\center_2019_07_17_19_51_36_309.jpg,0
driving_images\center_2019_07_17_19_51_36_381.jpg,0
driving_images\center_2019_07_17_19_51_36_454.jpg,-0.15
driving_images\center_2019_07_17_19_51_36_521.jpg,-0.3
driving_images\center_2019_07_17_19_51_36_592.jpg,-0.5000001
driving_images\center_2019_07_17_19_51_36_660.jpg,-0.6500001
driving_images\center_2019_07_17_19_51_36_730.jpg,0
driving_images\center_2019_07_17_19_51_36_800.jpg,0
driving_images\center_2019_07_17_19_51_36_869.jpg,0
driving_images\center_2019_07_17_19_51_36_939.jpg,0
driving_images\center_2019_07_17_19_51_37_005.jpg,-0.15
driving_images\center_2019_07_17_19_51_37_074.jpg,0
driving_images\center_2019_07_17_19_51_37_146.jpg,0
driving_images\center_2019_07_17_19_51_37_213.jpg,0
driving_images\center_2019_07_17_19_51_37_287.jpg,0
driving_images\center_2019_07_17_19_51_37_354.jpg,0
driving_images\center_2019_07_17_19_51_37_427.jpg,0
driving_images\center_2019_07_17_19_51_37_501.jpg,-0.2
driving_images\center_2019_07_17_19_51_37_570.jpg,-0.4
driving_images\center_2019_07_17_19_51_37_639.jpg,0
driving_images\center_2019_07_17_19_51_37_710.jpg,0
driving_images\center_2019_07_17_19_51_37_779.jpg,0
driving_images\center_2019_07_17_19_51_37_850.jpg,0
driving_images\center_2019_07_17_19_51_37_923.jpg,0
driving_images\center_2019_07_17_19_51_37_991.jpg,0
driving_images\center_2019_07_17_19_51_38_061.jpg,0
driving_images\center_2019_07_17_19_51_38_131.jpg,0
driving_images\center_2019_07_17_19_51_38_199.jpg,0
driving_images\center_2019_07_17_19_51_38_266.jpg,0
driving_images\center_2019_07_17_19_51_38_339.jpg,0
driving_images\center_2019_07_17_19_51_38_409.jpg,-0.05
driving_images\center_2019_07_17_19_51_38_484.jpg,-0.25
driving_images\center_2019_07_17_19_51_38_552.jpg,0
driving_images\center_2019_07_17_19_51_38_620.jpg,0
driving_images\center_2019_07_17_19_51_38_692.jpg,0
driving_images\center_2019_07_17_19_51_38_764.jpg,0
driving_images\center_2019_07_17_19_51_38_835.jpg,0
driving_images\center_2019_07_17_19_51_38_906.jpg,0
driving_images\center_2019_07_17_19_51_38_978.jpg,0
driving_images\center_2019_07_17_19_51_39_053.jpg,-0.2
driving_images\center_2019_07_17_19_51_39_128.jpg,-0.35
driving_images\center_2019_07_17_19_51_39_197.jpg,0
driving_images\center_2019_07_17_19_51_39_263.jpg,0
driving_images\center_2019_07_17_19_51_39_337.jpg,0
driving_images\center_2019_07_17_19_51_39_411.jpg,0
driving_images\center_2019_07_17_19_51_39_484.jpg,0
driving_images\center_2019_07_17_19_51_39_556.jpg,-0.1
driving_images\center_2019_07_17_19_51_39_624.jpg,-0.25
driving_images\center_2019_07_17_19_51_39_695.jpg,-0.45
driving_images\center_2019_07_17_19_51_39_761.jpg,0
driving_images\center_2019_07_17_19_51_39_830.jpg,0
driving_images\center_2019_07_17_19_51_39_900.jpg,0
driving_images\center_2019_07_17_19_51_39_971.jpg,0
driving_images\center_2019_07_17_19_51_40_044.jpg,0
driving_images\center_2019_07_17_19_51_40_118.jpg,-0.05
driving_images\center_2019_07_17_19_51_40_192.jpg,-0.25
driving_images\center_2019_07_17_19_51_40_267.jpg,0
driving_images\center_2019_07_17_19_51_40_338.jpg,0
driving_images\center_2019_07_17_19_51_40_405.jpg,0
driving_images\center_2019_07_17_19_51_40_477.jpg,0
driving_images\center_2019_07_17_19_51_40_554.jpg,0
driving_images\center_2019_07_17_19_51_40_631.jpg,-0.15
driving_images\center_2019_07_17_19_51_40_706.jpg,-0.3
driving_images\center_2019_07_17_19_51_40_779.jpg,0
driving_images\center_2019_07_17_19_51_40_853.jpg,0
driving_images\center_2019_07_17_19_51_40_927.jpg,0
driving_images\center_2019_07_17_19_51_41_000.jpg,0
driving_images\center_2019_07_17_19_51_41_071.jpg,-0.15
driving_images\center_2019_07_17_19_51_41_146.jpg,-0.3
driving_images\center_2019_07_17_19_51_41_220.jpg,0
driving_images\center_2019_07_17_19_51_41_293.jpg,0
driving_images\center_2019_07_17_19_51_41_368.jpg,0
driving_images\center_2019_07_17_19_51_41_435.jpg,0
driving_images\center_2019_07_17_19_51_41_503.jpg,0
driving_images\center_2019_07_17_19_51_41_570.jpg,-0.15
driving_images\center_2019_07_17_19_51_41_646.jpg,0
driving_images\center_2019_07_17_19_51_41_721.jpg,0
driving_images\center_2019_07_17_19_51_41_789.jpg,0
driving_images\center_2019_07_17_19_51_41_859.jpg,0
driving_images\center_2019_07_17_19_51_41_937.jpg,-0.05
driving_images\center_2019_07_17_19_51_42_009.jpg,-0.2
driving_images\center_2019_07_17_19_51_42_080.jpg,-0.4
driving_images\center_2019_07_17_19_51_42_149.jpg,0
driving_images\center_2019_07_17_19_51_42_219.jpg,0
driving_images\center_2019_07_17_19_51_42_293.jpg,0
driving_images\center_2019_07_17_19_51_42_366.jpg,0
driving_images\center_2019_07_17_19_51_42_442.jpg,-0.1
driving_images\center_2019_07_17_19_51_42_513.jpg,-0.3
driving_images\center_2019_07_17_19_51_42_584.jpg,-0.45
driving_images\center_2019_07_17_19_51_42_654.jpg,0
driving_images\center_2019_07_17_19_51_42_723.jpg,0
driving_images\center_2019_07_17_19_51_42_794.jpg,0
driving_images\center_2019_07_17_19_51_42_861.jpg,0
driving_images\center_2019_07_17_19_51_42_940.jpg,0
driving_images\center_2019_07_17_19_51_43_009.jpg,0
driving_images\center_2019_07_17_19_51_43_077.jpg,-0.1
driving_images\center_2019_07_17_19_51_43_153.jpg,-0.3
driving_images\center_2019_07_17_19_51_43_230.jpg,0
driving_images\center_2019_07_17_19_51_43_308.jpg,0
driving_images\center_2019_07_17_19_51_43_384.jpg,0
driving_images\center_2019_07_17_19_51_43_454.jpg,0
driving_images\center_2019_07_17_19_51_43_524.jpg,0
driving_images\center_2019_07_17_19_51_43_595.jpg,0
driving_images\center_2019_07_17_19_51_43_662.jpg,0
driving_images\center_2019_07_17_19_51_43_734.jpg,0
driving_images\center_2019_07_17_19_51_43_805.jpg,0
driving_images\center_2019_07_17_19_51_43_879.jpg,0
driving_images\center_2019_07_17_19_51_43_949.jpg,0
driving_images\center_2019_07_17_19_51_44_018.jpg,0
driving_images\center_2019_07_17_19_51_44_088.jpg,0
driving_images\center_2019_07_17_19_51_44_158.jpg,0
driving_images\center_2019_07_17_19_51_44_225.jpg,0
driving_images\center_2019_07_17_19_51_44_292.jpg,0
driving_images\center_2019_07_17_19_51_44_360.jpg,0
driving_images\center_2019_07_17_19_51_44_433.jpg,-0.1
driving_images\center_2019_07_17_19_51_44_507.jpg,-0.25
driving_images\center_2019_07_17_19_51_44_583.jpg,0
driving_images\center_2019_07_17_19_51_44_659.jpg,0
driving_images\center_2019_07_17_19_51_44_731.jpg,0
driving_images\center_2019_07_17_19_51_44_799.jpg,0
driving_images\center_2019_07_17_19_51_44_875.jpg,0
driving_images\center_2019_07_17_19_51_44_954.jpg,-0.1
driving_images\center_2019_07_17_19_51_45_022.jpg,-0.25
driving_images\center_2019_07_17_19_51_45_090.jpg,0
driving_images\center_2019_07_17_19_51_45_167.jpg,0
driving_images\center_2019_07_17_19_51_45_241.jpg,0
driving_images\center_2019_07_17_19_51_45_316.jpg,0
driving_images\center_2019_07_17_19_51_45_389.jpg,0
driving_images\center_2019_07_17_19_51_45_464.jpg,-0.15
driving_images\center_2019_07_17_19_51_45_532.jpg,0
driving_images\center_2019_07_17_19_51_45_602.jpg,0
driving_images\center_2019_07_17_19_51_45_672.jpg,0
driving_images\center_2019_07_17_19_51_45_741.jpg,0
driving_images\center_2019_07_17_19_51_45_811.jpg,0
driving_images\center_2019_07_17_19_51_45_883.jpg,0
driving_images\center_2019_07_17_19_51_45_954.jpg,-0.2
driving_images\center_2019_07_17_19_51_46_025.jpg,0
driving_images\center_2019_07_17_19_51_46_099.jpg,0
driving_images\center_2019_07_17_19_51_46_167.jpg,0
driving_images\center_2019_07_17_19_51_46_235.jpg,-0.1
driving_images\center_2019_07_17_19_51_46_305.jpg,-0.25
driving_images\center_2019_07_17_19_51_46_375.jpg,-0.45
driving_images\center_2019_07_17_19_51_46_445.jpg,0
driving_images\center_2019_07_17_19_51_46_513.jpg,0
driving_images\center_2019_07_17_19_51_46_580.jpg,0
driving_images\center_2019_07_17_19_51_46_650.jpg,0
driving_images\center_2019_07_17_19_51_46_717.jpg,0
driving_images\center_2019_07_17_19_51_46_787.jpg,0
driving_images\center_2019_07_17_19_51_46_859.jpg,0
driving_images\center_2019_07_17_19_51_46_932.jpg,0
driving_images\center_2019_07_17_19_51_47_005.jpg,0
driving_images\center_2019_07_17_19_51_47_080.jpg,0
driving_images\center_2019_07_17_19_51_47_155.jpg,0
driving_images\center_2019_07_17_19_51_47_229.jpg,0
driving_images\center_2019_07_17_19_51_47_301.jpg,0
driving_images\center_2019_07_17_19_51_47_374.jpg,0
driving_images\center_2019_07_17_19_51_47_443.jpg,0
driving_images\center_2019_07_17_19_51_47_519.jpg,0
driving_images\center_2019_07_17_19_51_47_589.jpg,0
driving_images\center_2019_07_17_19_51_47_663.jpg,0
driving_images\center_2019_07_17_19_51_47_737.jpg,0
driving_images\center_2019_07_17_19_51_47_808.jpg,0
driving_images\center_2019_07_17_19_51_47_882.jpg,0
driving_images\center_2019_07_17_19_51_47_958.jpg,0
driving_images\center_2019_07_17_19_51_48_025.jpg,0
driving_images\center_2019_07_17_19_51_48_101.jpg,0
driving_images\center_2019_07_17_19_51_48_169.jpg,0
driving_images\center_2019_07_17_19_51_48_237.jpg,-0.1
driving_images\center_2019_07_17_19_51_48_308.jpg,-0.25
driving_images\center_2019_07_17_19_51_48_377.jpg,0
driving_images\center_2019_07_17_19_51_48_443.jpg,0
driving_images\center_2019_07_17_19_51_48_518.jpg,0
driving_images\center_2019_07_17_19_51_48_593.jpg,0
driving_images\center_2019_07_17_19_51_48_668.jpg,0
driving_images\center_2019_07_17_19_51_48_736.jpg,-0.1
driving_images\center_2019_07_17_19_51_48_804.jpg,-0.25
driving_images\center_2019_07_17_19_51_48_879.jpg,0
driving_images\center_2019_07_17_19_51_48_955.jpg,0
driving_images\center_2019_07_17_19_51_49_034.jpg,0
driving_images\center_2019_07_17_19_51_49_104.jpg,0
driving_images\center_2019_07_17_19_51_49_172.jpg,0
driving_images\center_2019_07_17_19_51_49_241.jpg,0
driving_images\center_2019_07_17_19_51_49_310.jpg,0
driving_images\center_2019_07_17_19_51_49_380.jpg,-0.05
driving_images\center_2019_07_17_19_51_49_449.jpg,-0.2
driving_images\center_2019_07_17_19_51_49_520.jpg,0
driving_images\center_2019_07_17_19_51_49_595.jpg,0
driving_images\center_2019_07_17_19_51_49_671.jpg,0
driving_images\center_2019_07_17_19_51_49_747.jpg,0
driving_images\center_2019_07_17_19_51_49_819.jpg,0
driving_images\center_2019_07_17_19_51_49_888.jpg,0
driving_images\center_2019_07_17_19_51_49_958.jpg,0
driving_images\center_2019_07_17_19_51_50_025.jpg,-0.1
driving_images\center_2019_07_17_19_51_50_100.jpg,-0.3
driving_images\center_2019_07_17_19_51_50_173.jpg,0
driving_images\center_2019_07_17_19_51_50_251.jpg,0
driving_images\center_2019_07_17_19_51_50_326.jpg,0
driving_images\center_2019_07_17_19_51_50_399.jpg,0
driving_images\center_2019_07_17_19_51_50_471.jpg,0
driving_images\center_2019_07_17_19_51_50_542.jpg,0
driving_images\center_2019_07_17_19_51_50_614.jpg,0
driving_images\center_2019_07_17_19_51_50_688.jpg,0
driving_images\center_2019_07_17_19_51_50_758.jpg,0
driving_images\center_2019_07_17_19_51_50_830.jpg,0
driving_images\center_2019_07_17_19_51_50_900.jpg,0
driving_images\center_2019_07_17_19_51_50_971.jpg,0
driving_images\center_2019_07_17_19_51_51_041.jpg,0
driving_images\center_2019_07_17_19_51_51_113.jpg,0
driving_images\center_2019_07_17_19_51_51_181.jpg,0
driving_images\center_2019_07_17_19_51_51_258.jpg,0
driving_images\center_2019_07_17_19_51_51_326.jpg,0
driving_images\center_2019_07_17_19_51_51_394.jpg,0
driving_images\center_2019_07_17_19_51_51_465.jpg,0
driving_images\center_2019_07_17_19_51_51_541.jpg,0
driving_images\center_2019_07_17_19_51_51_619.jpg,0
driving_images\center_2019_07_17_19_51_51_693.jpg,0
driving_images\center_2019_07_17_19_51_51_767.jpg,0
driving_images\center_2019_07_17_19_51_51_838.jpg,0
driving_images\center_2019_07_17_19_51_51_914.jpg,0
driving_images\center_2019_07_17_19_51_51_990.jpg,0
driving_images\center_2019_07_17_19_51_52_066.jpg,0
driving_images\center_2019_07_17_19_51_52_138.jpg,0
driving_images\center_2019_07_17_19_51_52_208.jpg,0
driving_images\center_2019_07_17_19_51_52_279.jpg,0
driving_images\center_2019_07_17_19_51_52_352.jpg,0
driving_images\center_2019_07_17_19_51_52_421.jpg,0
driving_images\center_2019_07_17_19_51_52_492.jpg,0
driving_images\center_2019_07_17_19_51_52_562.jpg,0
driving_images\center_2019_07_17_19_51_52_632.jpg,0
driving_images\center_2019_07_17_19_51_52_700.jpg,0
driving_images\center_2019_07_17_19_51_52_777.jpg,0
driving_images\center_2019_07_17_19_51_52_851.jpg,0
driving_images\center_2019_07_17_19_51_52_927.jpg,0
driving_images\center_2019_07_17_19_51_53_002.jpg,0
driving_images\center_2019_07_17_19_51_53_078.jpg,0
driving_images\center_2019_07_17_19_51_53_152.jpg,0
driving_images\center_2019_07_17_19_51_53_224.jpg,-0.05
driving_images\center_2019_07_17_19_51_53_294.jpg,-0.25
driving_images\center_2019_07_17_19_51_53_364.jpg,-0.4
driving_images\center_2019_07_17_19_51_53_435.jpg,0
driving_images\center_2019_07_17_19_51_53_507.jpg,0
driving_images\center_2019_07_17_19_51_53_577.jpg,0
driving_images\center_2019_07_17_19_51_53_649.jpg,0
driving_images\center_2019_07_17_19_51_53_723.jpg,0
driving_images\center_2019_07_17_19_51_53_799.jpg,0
driving_images\center_2019_07_17_19_51_53_868.jpg,0
driving_images\center_2019_07_17_19_51_53_935.jpg,0
driving_images\center_2019_07_17_19_51_54_005.jpg,0
driving_images\center_2019_07_17_19_51_54_076.jpg,0
driving_images\center_2019_07_17_19_51_54_152.jpg,0
driving_images\center_2019_07_17_19_51_54_229.jpg,0
driving_images\center_2019_07_17_19_51_54_303.jpg,0
driving_images\center_2019_07_17_19_51_54_376.jpg,0
driving_images\center_2019_07_17_19_51_54_449.jpg,0
driving_images\center_2019_07_17_19_51_54_523.jpg,0
driving_images\center_2019_07_17_19_51_54_598.jpg,0
driving_images\center_2019_07_17_19_51_54_668.jpg,0
driving_images\center_2019_07_17_19_51_54_738.jpg,0
driving_images\center_2019_07_17_19_51_54_812.jpg,0
driving_images\center_2019_07_17_19_51_54_888.jpg,0
driving_images\center_2019_07_17_19_51_54_966.jpg,0
driving_images\center_2019_07_17_19_51_55_042.jpg,0
driving_images\center_2019_07_17_19_51_55_119.jpg,0
driving_images\center_2019_07_17_19_51_55_192.jpg,0
driving_images\center_2019_07_17_19_51_55_265.jpg,0
driving_images\center_2019_07_17_19_51_55_337.jpg,0
driving_images\center_2019_07_17_19_51_55_407.jpg,0
driving_images\center_2019_07_17_19_51_55_476.jpg,0
driving_images\center_2019_07_17_19_51_55_551.jpg,0
driving_images\center_2019_07_17_19_51_55_619.jpg,0
driving_images\center_2019_07_17_19_51_55_696.jpg,0
driving_images\center_2019_07_17_19_51_55_767.jpg,0
driving_images\center_2019_07_17_19_51_55_840.jpg,-0.15
driving_images\center_2019_07_17_19_51_55_916.jpg,0
driving_images\center_2019_07_17_19_51_55_991.jpg,0
driving_images\center_2019_07_17_19_51_56_064.jpg,0
driving_images\center_2019_07_17_19_51_56_139.jpg,0
driving_images\center_2019_07_17_19_51_56_215.jpg,0
driving_images\center_2019_07_17_19_51_56_287.jpg,0
driving_images\center_2019_07_17_19_51_56_358.jpg,0
driving_images\center_2019_07_17_19_51_56_433.jpg,0
driving_images\center_2019_07_17_19_51_56_507.jpg,0
driving_images\center_2019_07_17_19_51_56_582.jpg,0
driving_images\center_2019_07_17_19_51_56_655.jpg,0
driving_images\center_2019_07_17_19_51_56_731.jpg,0
driving_images\center_2019_07_17_19_51_56_804.jpg,-0.05
driving_images\center_2019_07_17_19_51_56_873.jpg,-0.25
driving_images\center_2019_07_17_19_51_56_946.jpg,0
driving_images\center_2019_07_17_19_51_57_018.jpg,0
driving_images\center_2019_07_17_19_51_57_093.jpg,0
driving_images\center_2019_07_17_19_51_57_170.jpg,0
driving_images\center_2019_07_17_19_51_57_239.jpg,0
driving_images\center_2019_07_17_19_51_57_307.jpg,0
driving_images\center_2019_07_17_19_51_57_375.jpg,0
driving_images\center_2019_07_17_19_51_57_442.jpg,0
driving_images\center_2019_07_17_19_51_57_511.jpg,0
driving_images\center_2019_07_17_19_51_57_577.jpg,0
driving_images\center_2019_07_17_19_51_57_653.jpg,0
driving_images\center_2019_07_17_19_51_57_722.jpg,0
driving_images\center_2019_07_17_19_51_57_794.jpg,0
driving_images\center_2019_07_17_19_51_57_864.jpg,0
driving_images\center_2019_07_17_19_51_57_941.jpg,-0.15
driving_images\center_2019_07_17_19_51_58_015.jpg,0
driving_images\center_2019_07_17_19_51_58_084.jpg,0
driving_images\center_2019_07_17_19_51_58_157.jpg,0
driving_images\center_2019_07_17_19_51_58_226.jpg,0
driving_images\center_2019_07_17_19_51_58_296.jpg,-0.1
driving_images\center_2019_07_17_19_51_58_365.jpg,0
driving_images\center_2019_07_17_19_51_58_433.jpg,0
driving_images\center_2019_07_17_19_51_58_502.jpg,0
driving_images\center_2019_07_17_19_51_58_571.jpg,0
driving_images\center_2019_07_17_19_51_58_642.jpg,0
driving_images\center_2019_07_17_19_51_58_712.jpg,0
driving_images\center_2019_07_17_19_51_58_785.jpg,0
driving_images\center_2019_07_17_19_51_58_863.jpg,0
driving_images\center_2019_07_17_19_51_58_935.jpg,0
driving_images\center_2019_07_17_19_51_59_004.jpg,0
driving_images\center_2019_07_17_19_51_59_072.jpg,0
driving_images\center_2019_07_17_19_51_59_143.jpg,0
driving_images\center_2019_07_17_19_51_59_213.jpg,0
driving_images\center_2019_07_17_19_51_59_287.jpg,0
driving_images\center_2019_07_17_19_51_59_356.jpg,0
driving_images\center_2019_07_17_19_51_59_424.jpg,0
driving_images\center_2019_07_17_19_51_59_492.jpg,0
driving_images\center_2019_07_17_19_51_59_561.jpg,0
driving_images\center_2019_07_17_19_51_59_637.jpg,0
driving_images\center_2019_07_17_19_51_59_712.jpg,0
driving_images\center_2019_07_17_19_51_59_786.jpg,0
driving_images\center_2019_07_17_19_51_59_863.jpg,0
driving_images\center_2019_07_17_19_51_59_940.jpg,0
driving_images\center_2019_07_17_19_52_00_017.jpg,0
driving_images\center_2019_07_17_19_52_00_093.jpg,0
driving_images\center_2019_07_17_19_52_00_169.jpg,0
driving_images\center_2019_07_17_19_52_00_242.jpg,0
driving_images\center_2019_07_17_19_52_00_318.jpg,0
driving_images\center_2019_07_17_19_52_00_387.jpg,0
driving_images\center_2019_07_17_19_52_00_455.jpg,0
driving_images\center_2019_07_17_19_52_00_522.jpg,0
driving_images\center_2019_07_17_19_52_00_600.jpg,0
driving_images\center_2019_07_17_19_52_00_668.jpg,0
driving_images\center_2019_07_17_19_52_00_735.jpg,0
driving_images\center_2019_07_17_19_52_00_811.jpg,0
driving_images\center_2019_07_17_19_52_00_887.jpg,-0.1
driving_images\center_2019_07_17_19_52_00_961.jpg,-0.3
driving_images\center_2019_07_17_19_52_01_028.jpg,-0.45
driving_images\center_2019_07_17_19_52_01_098.jpg,0
driving_images\center_2019_07_17_19_52_01_167.jpg,0
driving_images\center_2019_07_17_19_52_01_237.jpg,0
driving_images\center_2019_07_17_19_52_01_312.jpg,0
driving_images\center_2019_07_17_19_52_01_388.jpg,0
driving_images\center_2019_07_17_19_52_01_463.jpg,0
driving_images\center_2019_07_17_19_52_01_538.jpg,0
driving_images\center_2019_07_17_19_52_01_614.jpg,0
driving_images\center_2019_07_17_19_52_01_688.jpg,0
driving_images\center_2019_07_17_19_52_01_763.jpg,0
driving_images\center_2019_07_17_19_52_01_836.jpg,0
driving_images\center_2019_07_17_19_52_01_911.jpg,0
driving_images\center_2019_07_17_19_52_01_984.jpg,0
driving_images\center_2019_07_17_19_52_02_055.jpg,0
driving_images\center_2019_07_17_19_52_02_128.jpg,0
driving_images\center_2019_07_17_19_52_02_201.jpg,0
driving_images\center_2019_07_17_19_52_02_274.jpg,0
driving_images\center_2019_07_17_19_52_02_345.jpg,0
driving_images\center_2019_07_17_19_52_02_418.jpg,0
driving_images\center_2019_07_17_19_52_02_490.jpg,0
driving_images\center_2019_07_17_19_52_02_560.jpg,0
driving_images\center_2019_07_17_19_52_02_633.jpg,0
driving_images\center_2019_07_17_19_52_02_702.jpg,0
driving_images\center_2019_07_17_19_52_02_772.jpg,0
driving_images\center_2019_07_17_19_52_02_840.jpg,0
driving_images\center_2019_07_17_19_52_02_912.jpg,0
driving_images\center_2019_07_17_19_52_02_985.jpg,0
driving_images\center_2019_07_17_19_52_03_054.jpg,0
driving_images\center_2019_07_17_19_52_03_122.jpg,-0.05
driving_images\center_2019_07_17_19_52_03_190.jpg,-0.2
driving_images\center_2019_07_17_19_52_03_260.jpg,0
driving_images\center_2019_07_17_19_52_03_329.jpg,0
driving_images\center_2019_07_17_19_52_03_398.jpg,0
driving_images\center_2019_07_17_19_52_03_467.jpg,0
driving_images\center_2019_07_17_19_52_03_538.jpg,0
driving_images\center_2019_07_17_19_52_03_607.jpg,0
driving_images\center_2019_07_17_19_52_03_678.jpg,0
driving_images\center_2019_07_17_19_52_03_746.jpg,0
driving_images\center_2019_07_17_19_52_03_815.jpg,0
driving_images\center_2019_07_17_19_52_03_883.jpg,0
driving_images\center_2019_07_17_19_52_03_954.jpg,0
driving_images\center_2019_07_17_19_52_04_025.jpg,0
driving_images\center_2019_07_17_19_52_04_095.jpg,0
driving_images\center_2019_07_17_19_52_04_168.jpg,0
driving_images\center_2019_07_17_19_52_04_242.jpg,0
driving_images\center_2019_07_17_19_52_04_317.jpg,-0.15
driving_images\center_2019_07_17_19_52_04_392.jpg,0
driving_images\center_2019_07_17_19_52_04_460.jpg,0
driving_images\center_2019_07_17_19_52_04_528.jpg,0
driving_images\center_2019_07_17_19_52_04_598.jpg,0
driving_images\center_2019_07_17_19_52_04_665.jpg,0
driving_images\center_2019_07_17_19_52_04_740.jpg,0
driving_images\center_2019_07_17_19_52_04_807.jpg,0
driving_images\center_2019_07_17_19_52_04_877.jpg,-0.2
driving_images\center_2019_07_17_19_52_04_945.jpg,0
driving_images\center_2019_07_17_19_52_05_012.jpg,0
driving_images\center_2019_07_17_19_52_05_088.jpg,0
driving_images\center_2019_07_17_19_52_05_155.jpg,0
driving_images\center_2019_07_17_19_52_05_230.jpg,0
driving_images\center_2019_07_17_19_52_05_304.jpg,0
driving_images\center_2019_07_17_19_52_05_379.jpg,0
driving_images\center_2019_07_17_19_52_05_454.jpg,0
driving_images\center_2019_07_17_19_52_05_527.jpg,0
driving_images\center_2019_07_17_19_52_05_599.jpg,0
driving_images\center_2019_07_17_19_52_05_671.jpg,0
driving_images\center_2019_07_17_19_52_05_744.jpg,0
driving_images\center_2019_07_17_19_52_05_819.jpg,0
driving_images\center_2019_07_17_19_52_05_894.jpg,0
driving_images\center_2019_07_17_19_52_05_969.jpg,-0.15
driving_images\center_2019_07_17_19_52_06_044.jpg,0
driving_images\center_2019_07_17_19_52_06_117.jpg,0
driving_images\center_2019_07_17_19_52_06_192.jpg,0
driving_images\center_2019_07_17_19_52_06_268.jpg,0
driving_images\center_2019_07_17_19_52_06_337.jpg,0
driving_images\center_2019_07_17_19_52_06_405.jpg,0
driving_images\center_2019_07_17_19_52_06_472.jpg,-0.15
driving_images\center_2019_07_17_19_52_06_545.jpg,-0.3
driving_images\center_2019_07_17_19_52_06_619.jpg,0
driving_images\center_2019_07_17_19_52_06_685.jpg,0
driving_images\center_2019_07_17_19_52_06_754.jpg,0
driving_images\center_2019_07_17_19_52_06_823.jpg,0
driving_images\center_2019_07_17_19_52_06_896.jpg,0
driving_images\center_2019_07_17_19_52_06_971.jpg,0
driving_images\center_2019_07_17_19_52_07_045.jpg,0
driving_images\center_2019_07_17_19_52_07_119.jpg,0
driving_images\center_2019_07_17_19_52_07_193.jpg,0
driving_images\center_2019_07_17_19_52_07_267.jpg,0
driving_images\center_2019_07_17_19_52_07_337.jpg,-0.1
driving_images\center_2019_07_17_19_52_07_406.jpg,0
driving_images\center_2019_07_17_19_52_07_474.jpg,0
driving_images\center_2019_07_17_19_52_07_545.jpg,0
driving_images\center_2019_07_17_19_52_07_616.jpg,0
driving_images\center_2019_07_17_19_52_07_687.jpg,0
driving_images\center_2019_07_17_19_52_07_756.jpg,0
driving_images\center_2019_07_17_19_52_07_826.jpg,0
driving_images\center_2019_07_17_19_52_07_896.jpg,-0.05
driving_images\center_2019_07_17_19_52_07_968.jpg,-0.2
driving_images\center_2019_07_17_19_52_08_038.jpg,0
driving_images\center_2019_07_17_19_52_08_104.jpg,0
driving_images\center_2019_07_17_19_52_08_178.jpg,0
driving_images\center_2019_07_17_19_52_08_253.jpg,0
driving_images\center_2019_07_17_19_52_08_319.jpg,0
driving_images\center_2019_07_17_19_52_08_390.jpg,0
driving_images\center_2019_07_17_19_52_08_461.jpg,0
driving_images\center_2019_07_17_19_52_08_534.jpg,-0.15
driving_images\center_2019_07_17_19_52_08_607.jpg,-0.3
driving_images\center_2019_07_17_19_52_08_678.jpg,0
driving_images\center_2019_07_17_19_52_08_751.jpg,0
driving_images\center_2019_07_17_19_52_08_822.jpg,0
driving_images\center_2019_07_17_19_52_08_892.jpg,0
driving_images\center_2019_07_17_19_52_08_959.jpg,0
driving_images\center_2019_07_17_19_52_09_026.jpg,0
driving_images\center_2019_07_17_19_52_09_100.jpg,-0.05
driving_images\center_2019_07_17_19_52_09_173.jpg,-0.25
driving_images\center_2019_07_17_19_52_09_243.jpg,-0.4
driving_images\center_2019_07_17_19_52_09_313.jpg,0
driving_images\center_2019_07_17_19_52_09_383.jpg,0
driving_images\center_2019_07_17_19_52_09_453.jpg,0
driving_images\center_2019_07_17_19_52_09_524.jpg,0
driving_images\center_2019_07_17_19_52_09_593.jpg,0
driving_images\center_2019_07_17_19_52_09_661.jpg,0
driving_images\center_2019_07_17_19_52_09_732.jpg,0
driving_images\center_2019_07_17_19_52_09_800.jpg,0
driving_images\center_2019_07_17_19_52_09_874.jpg,0
driving_images\center_2019_07_17_19_52_09_947.jpg,0
driving_images\center_2019_07_17_19_52_10_021.jpg,0
driving_images\center_2019_07_17_19_52_10_094.jpg,0
driving_images\center_2019_07_17_19_52_10_168.jpg,0
driving_images\center_2019_07_17_19_52_10_242.jpg,0
driving_images\center_2019_07_17_19_52_10_316.jpg,-0.1
driving_images\center_2019_07_17_19_52_10_385.jpg,-0.25
driving_images\center_2019_07_17_19_52_10_456.jpg,0
driving_images\center_2019_07_17_19_52_10_528.jpg,0
driving_images\center_2019_07_17_19_52_10_601.jpg,0
driving_images\center_2019_07_17_19_52_10_674.jpg,0
driving_images\center_2019_07_17_19_52_10_746.jpg,0
driving_images\center_2019_07_17_19_52_10_816.jpg,0
driving_images\center_2019_07_17_19_52_10_890.jpg,0
driving_images\center_2019_07_17_19_52_10_958.jpg,0
driving_images\center_2019_07_17_19_52_11_025.jpg,-0.1
driving_images\center_2019_07_17_19_52_11_096.jpg,-0.3
driving_images\center_2019_07_17_19_52_11_164.jpg,-0.45
driving_images\center_2019_07_17_19_52_11_234.jpg,0
driving_images\center_2019_07_17_19_52_11_303.jpg,0
driving_images\center_2019_07_17_19_52_11_369.jpg,0
driving_images\center_2019_07_17_19_52_11_437.jpg,0
driving_images\center_2019_07_17_19_52_11_509.jpg,0
driving_images\center_2019_07_17_19_52_11_576.jpg,0
driving_images\center_2019_07_17_19_52_11_646.jpg,0
driving_images\center_2019_07_17_19_52_11_715.jpg,0
driving_images\center_2019_07_17_19_52_11_786.jpg,0
driving_images\center_2019_07_17_19_52_11_858.jpg,0
driving_images\center_2019_07_17_19_52_11_927.jpg,0
driving_images\center_2019_07_17_19_52_11_995.jpg,0
driving_images\center_2019_07_17_19_52_12_063.jpg,0
driving_images\center_2019_07_17_19_52_12_132.jpg,-0.15
driving_images\center_2019_07_17_19_52_12_203.jpg,-0.3
driving_images\center_2019_07_17_19_52_12_272.jpg,0
driving_images\center_2019_07_17_19_52_12_341.jpg,0
driving_images\center_2019_07_17_19_52_12_410.jpg,0
driving_images\center_2019_07_17_19_52_12_478.jpg,0
driving_images\center_2019_07_17_19_52_12_544.jpg,0
driving_images\center_2019_07_17_19_52_12_618.jpg,0
driving_images\center_2019_07_17_19_52_12_692.jpg,0
driving_images\center_2019_07_17_19_52_12_762.jpg,0
driving_images\center_2019_07_17_19_52_12_833.jpg,0
driving_images\center_2019_07_17_19_52_12_906.jpg,0
driving_images\center_2019_07_17_19_52_12_977.jpg,-0.1
driving_images\center_2019_07_17_19_52_13_046.jpg,-0.25
driving_images\center_2019_07_17_19_52_13_117.jpg,-0.45
driving_images\center_2019_07_17_19_52_13_187.jpg,0
driving_images\center_2019_07_17_19_52_13_257.jpg,0
driving_images\center_2019_07_17_19_52_13_330.jpg,0
driving_images\center_2019_07_17_19_52_13_399.jpg,0
driving_images\center_2019_07_17_19_52_13_468.jpg,0
driving_images\center_2019_07_17_19_52_13_541.jpg,0
driving_images\center_2019_07_17_19_52_13_612.jpg,-0.05
driving_images\center_2019_07_17_19_52_13_683.jpg,-0.2
driving_images\center_2019_07_17_19_52_13_752.jpg,-0.4
driving_images\center_2019_07_17_19_52_13_821.jpg,-0.5500001
driving_images\center_2019_07_17_19_52_13_889.jpg,0
driving_images\center_2019_07_17_19_52_13_957.jpg,0
driving_images\center_2019_07_17_19_52_14_026.jpg,0
driving_images\center_2019_07_17_19_52_14_094.jpg,0
driving_images\center_2019_07_17_19_52_14_163.jpg,0
driving_images\center_2019_07_17_19_52_14_231.jpg,-0.2
driving_images\center_2019_07_17_19_52_14_301.jpg,0
driving_images\center_2019_07_17_19_52_14_372.jpg,0
driving_images\center_2019_07_17_19_52_14_443.jpg,0
driving_images\center_2019_07_17_19_52_14_514.jpg,0
driving_images\center_2019_07_17_19_52_14_585.jpg,0
driving_images\center_2019_07_17_19_52_14_656.jpg,-0.15
driving_images\center_2019_07_17_19_52_14_726.jpg,-0.3
driving_images\center_2019_07_17_19_52_14_796.jpg,-0.5000001
driving_images\center_2019_07_17_19_52_14_866.jpg,0
driving_images\center_2019_07_17_19_52_14_936.jpg,0
driving_images\center_2019_07_17_19_52_15_002.jpg,0
driving_images\center_2019_07_17_19_52_15_072.jpg,0
driving_images\center_2019_07_17_19_52_15_139.jpg,0
driving_images\center_2019_07_17_19_52_15_207.jpg,0
driving_images\center_2019_07_17_19_52_15_275.jpg,-0.1
driving_images\center_2019_07_17_19_52_15_348.jpg,-0.25
driving_images\center_2019_07_17_19_52_15_419.jpg,-0.45
driving_images\center_2019_07_17_19_52_15_486.jpg,0
driving_images\center_2019_07_17_19_52_15_554.jpg,0
driving_images\center_2019_07_17_19_52_15_626.jpg,0
driving_images\center_2019_07_17_19_52_15_698.jpg,0
driving_images\center_2019_07_17_19_52_15_767.jpg,0
driving_images\center_2019_07_17_19_52_15_839.jpg,0
driving_images\center_2019_07_17_19_52_15_909.jpg,-0.15
driving_images\center_2019_07_17_19_52_15_977.jpg,-0.35
driving_images\center_2019_07_17_19_52_16_052.jpg,0
driving_images\center_2019_07_17_19_52_16_123.jpg,0
driving_images\center_2019_07_17_19_52_16_190.jpg,0
driving_images\center_2019_07_17_19_52_16_260.jpg,0
driving_images\center_2019_07_17_19_52_16_326.jpg,0
driving_images\center_2019_07_17_19_52_16_397.jpg,-0.05
driving_images\center_2019_07_17_19_52_16_466.jpg,-0.2
driving_images\center_2019_07_17_19_52_16_534.jpg,-0.4
driving_images\center_2019_07_17_19_52_16_605.jpg,0
driving_images\center_2019_07_17_19_52_16_677.jpg,0
driving_images\center_2019_07_17_19_52_16_748.jpg,0
driving_images\center_2019_07_17_19_52_16_820.jpg,0
driving_images\center_2019_07_17_19_52_16_890.jpg,0
driving_images\center_2019_07_17_19_52_16_962.jpg,-0.15
driving_images\center_2019_07_17_19_52_17_031.jpg,-0.35
driving_images\center_2019_07_17_19_52_17_100.jpg,0
driving_images\center_2019_07_17_19_52_17_168.jpg,0
driving_images\center_2019_07_17_19_52_17_237.jpg,0
driving_images\center_2019_07_17_19_52_17_306.jpg,0
driving_images\center_2019_07_17_19_52_17_375.jpg,-0.05
driving_images\center_2019_07_17_19_52_17_443.jpg,-0.2
driving_images\center_2019_07_17_19_52_17_511.jpg,-0.4
driving_images\center_2019_07_17_19_52_17_583.jpg,0
driving_images\center_2019_07_17_19_52_17_654.jpg,0
driving_images\center_2019_07_17_19_52_17_725.jpg,0
driving_images\center_2019_07_17_19_52_17_793.jpg,0
driving_images\center_2019_07_17_19_52_17_866.jpg,0
driving_images\center_2019_07_17_19_52_17_938.jpg,0
driving_images\center_2019_07_17_19_52_18_007.jpg,-0.15
driving_images\center_2019_07_17_19_52_18_077.jpg,-0.35
driving_images\center_2019_07_17_19_52_18_148.jpg,-0.5000001
driving_images\center_2019_07_17_19_52_18_217.jpg,0
driving_images\center_2019_07_17_19_52_18_287.jpg,0
driving_images\center_2019_07_17_19_52_18_356.jpg,0
driving_images\center_2019_07_17_19_52_18_426.jpg,0
driving_images\center_2019_07_17_19_52_18_493.jpg,0
driving_images\center_2019_07_17_19_52_18_567.jpg,0
driving_images\center_2019_07_17_19_52_18_640.jpg,-0.1
driving_images\center_2019_07_17_19_52_18_707.jpg,-0.25
driving_images\center_2019_07_17_19_52_18_775.jpg,0
driving_images\center_2019_07_17_19_52_18_846.jpg,0
driving_images\center_2019_07_17_19_52_18_918.jpg,0
driving_images\center_2019_07_17_19_52_18_991.jpg,0
driving_images\center_2019_07_17_19_52_19_063.jpg,-0.05
driving_images\center_2019_07_17_19_52_19_134.jpg,-0.25
driving_images\center_2019_07_17_19_52_19_206.jpg,-0.4
driving_images\center_2019_07_17_19_52_19_279.jpg,0
driving_images\center_2019_07_17_19_52_19_348.jpg,0
driving_images\center_2019_07_17_19_52_19_420.jpg,0
driving_images\center_2019_07_17_19_52_19_491.jpg,0
driving_images\center_2019_07_17_19_52_19_560.jpg,0
driving_images\center_2019_07_17_19_52_19_631.jpg,0
driving_images\center_2019_07_17_19_52_19_697.jpg,0
driving_images\center_2019_07_17_19_52_19_767.jpg,0
driving_images\center_2019_07_17_19_52_19_836.jpg,0
driving_images\center_2019_07_17_19_52_19_907.jpg,0
driving_images\center_2019_07_17_19_52_19_979.jpg,0
driving_images\center_2019_07_17_19_52_20_050.jpg,0
driving_images\center_2019_07_17_19_52_20_119.jpg,0
driving_images\center_2019_07_17_19_52_20_192.jpg,0
driving_images\center_2019_07_17_19_52_20_262.jpg,0
driving_images\center_2019_07_17_19_52_20_335.jpg,-0.05
driving_images\center_2019_07_17_19_52_20_406.jpg,-0.2
driving_images\center_2019_07_17_19_52_20_476.jpg,-0.4
driving_images\center_2019_07_17_19_52_20_548.jpg,0
driving_images\center_2019_07_17_19_52_20_618.jpg,0
driving_images\center_2019_07_17_19_52_20_688.jpg,0
driving_images\center_2019_07_17_19_52_20_760.jpg,0
driving_images\center_2019_07_17_19_52_20_831.jpg,0
driving_images\center_2019_07_17_19_52_20_900.jpg,0
driving_images\center_2019_07_17_19_52_20_973.jpg,-0.2
driving_images\center_2019_07_17_19_52_21_043.jpg,0
driving_images\center_2019_07_17_19_52_21_109.jpg,0
driving_images\center_2019_07_17_19_52_21_181.jpg,0
driving_images\center_2019_07_17_19_52_21_251.jpg,0
driving_images\center_2019_07_17_19_52_21_322.jpg,0
driving_images\center_2019_07_17_19_52_21_392.jpg,0
driving_images\center_2019_07_17_19_52_21_458.jpg,-0.1
driving_images\center_2019_07_17_19_52_21_526.jpg,-0.25
driving_images\center_2019_07_17_19_52_21_596.jpg,0
driving_images\center_2019_07_17_19_52_21_666.jpg,0
driving_images\center_2019_07_17_19_52_21_735.jpg,0
driving_images\center_2019_07_17_19_52_21_803.jpg,0
driving_images\center_2019_07_17_19_52_21_872.jpg,0
driving_images\center_2019_07_17_19_52_21_941.jpg,0
driving_images\center_2019_07_17_19_52_22_009.jpg,0
driving_images\center_2019_07_17_19_52_22_077.jpg,0
driving_images\center_2019_07_17_19_52_22_144.jpg,0
driving_images\center_2019_07_17_19_52_22_213.jpg,0
driving_images\center_2019_07_17_19_52_22_282.jpg,0
driving_images\center_2019_07_17_19_52_22_349.jpg,0
driving_images\center_2019_07_17_19_52_22_418.jpg,0
driving_images\center_2019_07_17_19_52_22_487.jpg,0
driving_images\center_2019_07_17_19_52_22_555.jpg,0
driving_images\center_2019_07_17_19_52_22_626.jpg,0
driving_images\center_2019_07_17_19_52_22_698.jpg,0
driving_images\center_2019_07_17_19_52_22_771.jpg,0
driving_images\center_2019_07_17_19_52_22_842.jpg,0
driving_images\center_2019_07_17_19_52_22_914.jpg,0
driving_images\center_2019_07_17_19_52_22_984.jpg,0
driving_images\center_2019_07_17_19_52_23_054.jpg,0
driving_images\center_2019_07_17_19_52_23_122.jpg,-0.15
driving_images\center_2019_07_17_19_52_23_191.jpg,0
driving_images\center_2019_07_17_19_52_23_260.jpg,0
driving_images\center_2019_07_17_19_52_23_331.jpg,0
driving_images\center_2019_07_17_19_52_23_402.jpg,0
driving_images\center_2019_07_17_19_52_23_473.jpg,0
driving_images\center_2019_07_17_19_52_23_544.jpg,0
driving_images\center_2019_07_17_19_52_23_614.jpg,0
driving_images\center_2019_07_17_19_52_23_681.jpg,0
driving_images\center_2019_07_17_19_52_23_753.jpg,0
driving_images\center_2019_07_17_19_52_23_823.jpg,0
driving_images\center_2019_07_17_19_52_23_895.jpg,0
driving_images\center_2019_07_17_19_52_23_963.jpg,0
driving_images\center_2019_07_17_19_52_24_030.jpg,0
driving_images\center_2019_07_17_19_52_24_097.jpg,-0.05
driving_images\center_2019_07_17_19_52_24_169.jpg,-0.2
driving_images\center_2019_07_17_19_52_24_239.jpg,0
driving_images\center_2019_07_17_19_52_24_311.jpg,0
driving_images\center_2019_07_17_19_52_24_379.jpg,0
driving_images\center_2019_07_17_19_52_24_450.jpg,0
driving_images\center_2019_07_17_19_52_24_518.jpg,0
driving_images\center_2019_07_17_19_52_24_590.jpg,0
driving_images\center_2019_07_17_19_52_24_661.jpg,0
driving_images\center_2019_07_17_19_52_24_728.jpg,0
driving_images\center_2019_07_17_19_52_24_800.jpg,0
driving_images\center_2019_07_17_19_52_24_871.jpg,0
driving_images\center_2019_07_17_19_52_24_941.jpg,-0.05
driving_images\center_2019_07_17_19_52_25_013.jpg,-0.25
driving_images\center_2019_07_17_19_52_25_085.jpg,-0.4
driving_images\center_2019_07_17_19_52_25_152.jpg,0
driving_images\center_2019_07_17_19_52_25_221.jpg,0
driving_images\center_2019_07_17_19_52_25_289.jpg,0
driving_images\center_2019_07_17_19_52_25_361.jpg,0
driving_images\center_2019_07_17_19_52_25_432.jpg,0
driving_images\center_2019_07_17_19_52_25_505.jpg,0
driving_images\center_2019_07_17_19_52_25_572.jpg,0
driving_images\center_2019_07_17_19_52_25_641.jpg,0
driving_images\center_2019_07_17_19_52_25_709.jpg,0
driving_images\center_2019_07_17_19_52_25_780.jpg,0
driving_images\center_2019_07_17_19_52_25_849.jpg,0
driving_images\center_2019_07_17_19_52_25_920.jpg,0
driving_images\center_2019_07_17_19_52_25_992.jpg,0
driving_images\center_2019_07_17_19_52_26_059.jpg,0
driving_images\center_2019_07_17_19_52_26_129.jpg,0
driving_images\center_2019_07_17_19_52_26_202.jpg,0
driving_images\center_2019_07_17_19_52_26_274.jpg,0
driving_images\center_2019_07_17_19_52_26_348.jpg,0
driving_images\center_2019_07_17_19_52_26_421.jpg,0
driving_images\center_2019_07_17_19_52_26_488.jpg,0
driving_images\center_2019_07_17_19_52_26_560.jpg,0
driving_images\center_2019_07_17_19_52_26_631.jpg,0
driving_images\center_2019_07_17_19_52_26_700.jpg,0
driving_images\center_2019_07_17_19_52_26_776.jpg,0
driving_images\center_2019_07_17_19_52_26_846.jpg,0
driving_images\center_2019_07_17_19_52_26_915.jpg,0
driving_images\center_2019_07_17_19_52_26_986.jpg,0
driving_images\center_2019_07_17_19_52_27_055.jpg,0
driving_images\center_2019_07_17_19_52_27_126.jpg,0
driving_images\center_2019_07_17_19_52_27_199.jpg,0
driving_images\center_2019_07_17_19_52_27_271.jpg,0
driving_images\center_2019_07_17_19_52_27_344.jpg,0
driving_images\center_2019_07_17_19_52_27_417.jpg,0
driving_images\center_2019_07_17_19_52_27_490.jpg,0
driving_images\center_2019_07_17_19_52_27_562.jpg,0
driving_images\center_2019_07_17_19_52_27_634.jpg,0
driving_images\center_2019_07_17_19_52_27_704.jpg,0
driving_images\center_2019_07_17_19_52_27_776.jpg,0
driving_images\center_2019_07_17_19_52_27_847.jpg,0
driving_images\center_2019_07_17_19_52_27_919.jpg,0
driving_images\center_2019_07_17_19_52_27_989.jpg,0
driving_images\center_2019_07_17_19_52_28_061.jpg,0
driving_images\center_2019_07_17_19_52_28_133.jpg,0
driving_images\center_2019_07_17_19_52_28_208.jpg,0
driving_images\center_2019_07_17_19_52_28_275.jpg,0
driving_images\center_2019_07_17_19_52_28_342.jpg,0
driving_images\center_2019_07_17_19_52_28_409.jpg,0
driving_images\center_2019_07_17_19_52_28_484.jpg,0
driving_images\center_2019_07_17_19_52_28_552.jpg,-0.15
driving_images\center_2019_07_17_19_52_28_619.jpg,0
driving_images\center_2019_07_17_19_52_28_693.jpg,0
driving_images\center_2019_07_17_19_52_28_759.jpg,0
driving_images\center_2019_07_17_19_52_28_831.jpg,0
driving_images\center_2019_07_17_19_52_28_901.jpg,0
driving_images\center_2019_07_17_19_52_28_973.jpg,0
driving_images\center_2019_07_17_19_52_29_044.jpg,0
driving_images\center_2019_07_17_19_52_29_115.jpg,0
driving_images\center_2019_07_17_19_52_29_187.jpg,0
driving_images\center_2019_07_17_19_52_29_260.jpg,0
driving_images\center_2019_07_17_19_52_29_333.jpg,0
driving_images\center_2019_07_17_19_52_29_403.jpg,0
driving_images\center_2019_07_17_19_52_29_476.jpg,-0.05
driving_images\center_2019_07_17_19_52_29_549.jpg,-0.2
driving_images\center_2019_07_17_19_52_29_622.jpg,0
driving_images\center_2019_07_17_19_52_29_690.jpg,0
driving_images\center_2019_07_17_19_52_29_760.jpg,0
driving_images\center_2019_07_17_19_52_29_830.jpg,0
driving_images\center_2019_07_17_19_52_29_902.jpg,0
driving_images\center_2019_07_17_19_52_29_975.jpg,0
driving_images\center_2019_07_17_19_52_30_047.jpg,0
driving_images\center_2019_07_17_19_52_30_119.jpg,0
driving_images\center_2019_07_17_19_52_30_194.jpg,0
driving_images\center_2019_07_17_19_52_30_268.jpg,0
driving_images\center_2019_07_17_19_52_30_343.jpg,0.15
driving_images\center_2019_07_17_19_52_30_419.jpg,0
driving_images\center_2019_07_17_19_52_30_494.jpg,0
driving_images\center_2019_07_17_19_52_30_561.jpg,0
driving_images\center_2019_07_17_19_52_30_635.jpg,0
driving_images\center_2019_07_17_19_52_30_709.jpg,0
driving_images\center_2019_07_17_19_52_30_778.jpg,0
driving_images\center_2019_07_17_19_52_30_851.jpg,0
driving_images\center_2019_07_17_19_52_30_923.jpg,0
driving_images\center_2019_07_17_19_52_30_995.jpg,0
driving_images\center_2019_07_17_19_52_31_066.jpg,0
driving_images\center_2019_07_17_19_52_31_140.jpg,0
driving_images\center_2019_07_17_19_52_31_214.jpg,0
driving_images\center_2019_07_17_19_52_31_289.jpg,0
driving_images\center_2019_07_17_19_52_31_357.jpg,0
driving_images\center_2019_07_17_19_52_31_425.jpg,0
driving_images\center_2019_07_17_19_52_31_494.jpg,0
driving_images\center_2019_07_17_19_52_31_564.jpg,0
driving_images\center_2019_07_17_19_52_31_639.jpg,0
driving_images\center_2019_07_17_19_52_31_710.jpg,0
driving_images\center_2019_07_17_19_52_31_780.jpg,0
driving_images\center_2019_07_17_19_52_31_849.jpg,0
driving_images\center_2019_07_17_19_52_31_919.jpg,0
driving_images\center_2019_07_17_19_52_31_993.jpg,0
driving_images\center_2019_07_17_19_52_32_066.jpg,0
driving_images\center_2019_07_17_19_52_32_136.jpg,0
driving_images\center_2019_07_17_19_52_32_208.jpg,0
driving_images\center_2019_07_17_19_52_32_280.jpg,0
driving_images\center_2019_07_17_19_52_32_353.jpg,0
driving_images\center_2019_07_17_19_52_32_426.jpg,0
driving_images\center_2019_07_17_19_52_32_500.jpg,0
driving_images\center_2019_07_17_19_52_32_573.jpg,0
driving_images\center_2019_07_17_19_52_32_645.jpg,0
driving_images\center_2019_07_17_19_52_32_718.jpg,0
driving_images\center_2019_07_17_19_52_32_791.jpg,0
driving_images\center_2019_07_17_19_52_32_864.jpg,0
driving_images\center_2019_07_17_19_52_32_937.jpg,0
driving_images\center_2019_07_17_19_52_33_010.jpg,0
driving_images\center_2019_07_17_19_52_33_085.jpg,0
driving_images\center_2019_07_17_19_52_33_158.jpg,0
driving_images\center_2019_07_17_19_52_33_232.jpg,0
driving_images\center_2019_07_17_19_52_33_305.jpg,0
driving_images\center_2019_07_17_19_52_33_378.jpg,0
driving_images\center_2019_07_17_19_52_33_449.jpg,-0.05
driving_images\center_2019_07_17_19_52_33_521.jpg,-0.25
driving_images\center_2019_07_17_19_52_33_596.jpg,0
driving_images\center_2019_07_17_19_52_33_671.jpg,0
driving_images\center_2019_07_17_19_52_33_741.jpg,0
driving_images\center_2019_07_17_19_52_33_812.jpg,0
driving_images\center_2019_07_17_19_52_33_879.jpg,0
driving_images\center_2019_07_17_19_52_33_947.jpg,0
driving_images\center_2019_07_17_19_52_34_020.jpg,-0.05
driving_images\center_2019_07_17_19_52_34_094.jpg,-0.25
driving_images\center_2019_07_17_19_52_34_168.jpg,0
driving_images\center_2019_07_17_19_52_34_241.jpg,0
driving_images\center_2019_07_17_19_52_34_315.jpg,0
driving_images\center_2019_07_17_19_52_34_389.jpg,0
driving_images\center_2019_07_17_19_52_34_457.jpg,0
driving_images\center_2019_07_17_19_52_34_530.jpg,0
driving_images\center_2019_07_17_19_52_34_603.jpg,-0.05
driving_images\center_2019_07_17_19_52_34_671.jpg,-0.2
driving_images\center_2019_07_17_19_52_34_744.jpg,0
driving_images\center_2019_07_17_19_52_34_818.jpg,0
driving_images\center_2019_07_17_19_52_34_892.jpg,0
driving_images\center_2019_07_17_19_52_34_965.jpg,0
driving_images\center_2019_07_17_19_52_35_038.jpg,0
driving_images\center_2019_07_17_19_52_35_106.jpg,0
driving_images\center_2019_07_17_19_52_35_183.jpg,0
driving_images\center_2019_07_17_19_52_35_259.jpg,0
driving_images\center_2019_07_17_19_52_35_332.jpg,0
driving_images\center_2019_07_17_19_52_35_402.jpg,0
driving_images\center_2019_07_17_19_52_35_471.jpg,-0.05
driving_images\center_2019_07_17_19_52_35_542.jpg,-0.2
driving_images\center_2019_07_17_19_52_35_613.jpg,0
driving_images\center_2019_07_17_19_52_35_685.jpg,0
driving_images\center_2019_07_17_19_52_35_756.jpg,0
driving_images\center_2019_07_17_19_52_35_827.jpg,0
driving_images\center_2019_07_17_19_52_35_897.jpg,0
driving_images\center_2019_07_17_19_52_35_966.jpg,0
driving_images\center_2019_07_17_19_52_36_033.jpg,0
driving_images\center_2019_07_17_19_52_36_103.jpg,0
driving_images\center_2019_07_17_19_52_36_174.jpg,0
driving_images\center_2019_07_17_19_52_36_242.jpg,0
driving_images\center_2019_07_17_19_52_36_313.jpg,0
driving_images\center_2019_07_17_19_52_36_383.jpg,-0.15
driving_images\center_2019_07_17_19_52_36_451.jpg,0
driving_images\center_2019_07_17_19_52_36_526.jpg,0
driving_images\center_2019_07_17_19_52_36_599.jpg,0
driving_images\center_2019_07_17_19_52_36_670.jpg,0
driving_images\center_2019_07_17_19_52_36_739.jpg,-0.15
driving_images\center_2019_07_17_19_52_36_808.jpg,-0.3
driving_images\center_2019_07_17_19_52_36_878.jpg,-0.5000001
driving_images\center_2019_07_17_19_52_36_951.jpg,-0.7
driving_images\center_2019_07_17_19_52_37_025.jpg,-0.8500001
driving_images\center_2019_07_17_19_52_37_092.jpg,0
driving_images\center_2019_07_17_19_52_37_164.jpg,0
driving_images\center_2019_07_17_19_52_37_235.jpg,0
driving_images\center_2019_07_17_19_52_37_307.jpg,0
driving_images\center_2019_07_17_19_52_37_379.jpg,0
driving_images\center_2019_07_17_19_52_37_450.jpg,0
driving_images\center_2019_07_17_19_52_37_519.jpg,0
driving_images\center_2019_07_17_19_52_37_591.jpg,0
driving_images\center_2019_07_17_19_52_37_665.jpg,0
driving_images\center_2019_07_17_19_52_37_735.jpg,0
driving_images\center_2019_07_17_19_52_37_804.jpg,-0.1
driving_images\center_2019_07_17_19_52_37_873.jpg,-0.3
driving_images\center_2019_07_17_19_52_37_946.jpg,-0.45
driving_images\center_2019_07_17_19_52_38_018.jpg,0
driving_images\center_2019_07_17_19_52_38_091.jpg,0
driving_images\center_2019_07_17_19_52_38_166.jpg,0
driving_images\center_2019_07_17_19_52_38_239.jpg,0
driving_images\center_2019_07_17_19_52_38_313.jpg,-0.05
driving_images\center_2019_07_17_19_52_38_387.jpg,-0.2
driving_images\center_2019_07_17_19_52_38_461.jpg,-0.4
driving_images\center_2019_07_17_19_52_38_536.jpg,-0.6000001
driving_images\center_2019_07_17_19_52_38_603.jpg,-0.7500002
driving_images\center_2019_07_17_19_52_38_671.jpg,-0.9500002
driving_images\center_2019_07_17_19_52_38_740.jpg,-1
driving_images\center_2019_07_17_19_52_38_808.jpg,0
driving_images\center_2019_07_17_19_52_38_881.jpg,0
driving_images\center_2019_07_17_19_52_38_953.jpg,0
driving_images\center_2019_07_17_19_52_39_023.jpg,0
driving_images\center_2019_07_17_19_52_39_095.jpg,0
driving_images\center_2019_07_17_19_52_39_171.jpg,0
driving_images\center_2019_07_17_19_52_39_238.jpg,0
driving_images\center_2019_07_17_19_52_39_305.jpg,0
driving_images\center_2019_07_17_19_52_39_376.jpg,0
driving_images\center_2019_07_17_19_52_39_443.jpg,0
driving_images\center_2019_07_17_19_52_39_510.jpg,0
driving_images\center_2019_07_17_19_52_39_586.jpg,-0.05
driving_images\center_2019_07_17_19_52_39_663.jpg,-0.25
driving_images\center_2019_07_17_19_52_39_739.jpg,-0.45
driving_images\center_2019_07_17_19_52_39_811.jpg,0
driving_images\center_2019_07_17_19_52_39_887.jpg,0
driving_images\center_2019_07_17_19_52_39_958.jpg,0
driving_images\center_2019_07_17_19_52_40_034.jpg,0
driving_images\center_2019_07_17_19_52_40_105.jpg,-0.1
driving_images\center_2019_07_17_19_52_40_176.jpg,-0.3
driving_images\center_2019_07_17_19_52_40_246.jpg,-0.45
driving_images\center_2019_07_17_19_52_40_315.jpg,-0.6500001
driving_images\center_2019_07_17_19_52_40_383.jpg,-0.8000001
driving_images\center_2019_07_17_19_52_40_452.jpg,0
driving_images\center_2019_07_17_19_52_40_520.jpg,0
driving_images\center_2019_07_17_19_52_40_588.jpg,0
driving_images\center_2019_07_17_19_52_40_656.jpg,0
driving_images\center_2019_07_17_19_52_40_727.jpg,0
driving_images\center_2019_07_17_19_52_40_795.jpg,-0.05
driving_images\center_2019_07_17_19_52_40_862.jpg,-0.2
driving_images\center_2019_07_17_19_52_40_938.jpg,-0.4
driving_images\center_2019_07_17_19_52_41_012.jpg,0
driving_images\center_2019_07_17_19_52_41_085.jpg,0
driving_images\center_2019_07_17_19_52_41_160.jpg,0
driving_images\center_2019_07_17_19_52_41_232.jpg,0
driving_images\center_2019_07_17_19_52_41_299.jpg,0
driving_images\center_2019_07_17_19_52_41_366.jpg,-0.1
driving_images\center_2019_07_17_19_52_41_437.jpg,-0.3
driving_images\center_2019_07_17_19_52_41_510.jpg,0
driving_images\center_2019_07_17_19_52_41_583.jpg,0
driving_images\center_2019_07_17_19_52_41_656.jpg,0
driving_images\center_2019_07_17_19_52_41_730.jpg,0
driving_images\center_2019_07_17_19_52_41_804.jpg,0
driving_images\center_2019_07_17_19_52_41_872.jpg,0
driving_images\center_2019_07_17_19_52_41_939.jpg,-0.15
driving_images\center_2019_07_17_19_52_42_014.jpg,0
driving_images\center_2019_07_17_19_52_42_088.jpg,0
driving_images\center_2019_07_17_19_52_42_161.jpg,0
driving_images\center_2019_07_17_19_52_42_236.jpg,0
driving_images\center_2019_07_17_19_52_42_303.jpg,0
driving_images\center_2019_07_17_19_52_42_378.jpg,0
driving_images\center_2019_07_17_19_52_42_451.jpg,-0.2
driving_images\center_2019_07_17_19_52_42_523.jpg,0
driving_images\center_2019_07_17_19_52_42_595.jpg,0
driving_images\center_2019_07_17_19_52_42_663.jpg,0
driving_images\center_2019_07_17_19_52_42_733.jpg,0
driving_images\center_2019_07_17_19_52_42_802.jpg,0
driving_images\center_2019_07_17_19_52_42_878.jpg,0
driving_images\center_2019_07_17_19_52_42_948.jpg,0
driving_images\center_2019_07_17_19_52_43_019.jpg,0
driving_images\center_2019_07_17_19_52_43_087.jpg,0
driving_images\center_2019_07_17_19_52_43_156.jpg,0
driving_images\center_2019_07_17_19_52_43_224.jpg,-0.05
driving_images\center_2019_07_17_19_52_43_292.jpg,-0.25
driving_images\center_2019_07_17_19_52_43_362.jpg,0
driving_images\center_2019_07_17_19_52_43_430.jpg,0
driving_images\center_2019_07_17_19_52_43_498.jpg,0
driving_images\center_2019_07_17_19_52_43_572.jpg,0
driving_images\center_2019_07_17_19_52_43_647.jpg,0
driving_images\center_2019_07_17_19_52_43_720.jpg,0
driving_images\center_2019_07_17_19_52_43_788.jpg,0
driving_images\center_2019_07_17_19_52_43_864.jpg,0
driving_images\center_2019_07_17_19_52_43_936.jpg,0
driving_images\center_2019_07_17_19_52_44_010.jpg,0
driving_images\center_2019_07_17_19_52_44_083.jpg,0
driving_images\center_2019_07_17_19_52_44_159.jpg,0
driving_images\center_2019_07_17_19_52_44_231.jpg,0
driving_images\center_2019_07_17_19_52_44_300.jpg,0
driving_images\center_2019_07_17_19_52_44_371.jpg,0
driving_images\center_2019_07_17_19_52_44_442.jpg,0
driving_images\center_2019_07_17_19_52_44_511.jpg,0
driving_images\center_2019_07_17_19_52_44_579.jpg,0
driving_images\center_2019_07_17_19_52_44_647.jpg,0
driving_images\center_2019_07_17_19_52_44_715.jpg,0
driving_images\center_2019_07_17_19_52_44_782.jpg,0
driving_images\center_2019_07_17_19_52_44_850.jpg,0
driving_images\center_2019_07_17_19_52_44_918.jpg,0
driving_images\center_2019_07_17_19_52_44_986.jpg,0
driving_images\center_2019_07_17_19_52_45_054.jpg,0
driving_images\center_2019_07_17_19_52_45_123.jpg,0
driving_images\center_2019_07_17_19_52_45_191.jpg,0
driving_images\center_2019_07_17_19_52_45_259.jpg,0
driving_images\center_2019_07_17_19_52_45_329.jpg,0
driving_images\center_2019_07_17_19_52_45_398.jpg,0
driving_images\center_2019_07_17_19_52_45_465.jpg,0
driving_images\center_2019_07_17_19_52_45_533.jpg,0
driving_images\center_2019_07_17_19_52_45_606.jpg,0
driving_images\center_2019_07_17_19_52_45_678.jpg,0
driving_images\center_2019_07_17_19_52_45_750.jpg,0
driving_images\center_2019_07_17_19_52_45_821.jpg,0
driving_images\center_2019_07_17_19_52_45_891.jpg,0
driving_images\center_2019_07_17_19_52_45_961.jpg,0
driving_images\center_2019_07_17_19_52_46_030.jpg,0
driving_images\center_2019_07_17_19_52_46_100.jpg,0
driving_images\center_2019_07_17_19_52_46_167.jpg,0
driving_images\center_2019_07_17_19_52_46_238.jpg,0
driving_images\center_2019_07_17_19_52_46_306.jpg,0
driving_images\center_2019_07_17_19_52_46_376.jpg,0
driving_images\center_2019_07_17_19_52_46_445.jpg,0
driving_images\center_2019_07_17_19_52_46_513.jpg,0
driving_images\center_2019_07_17_19_52_46_584.jpg,0.05
driving_images\center_2019_07_17_19_52_46_655.jpg,0.25
driving_images\center_2019_07_17_19_52_46_727.jpg,0.4
driving_images\center_2019_07_17_19_52_46_797.jpg,0.6000001
driving_images\center_2019_07_17_19_52_46_867.jpg,0
driving_images\center_2019_07_17_19_52_46_939.jpg,0
driving_images\center_2019_07_17_19_52_47_009.jpg,0
driving_images\center_2019_07_17_19_52_47_079.jpg,0
driving_images\center_2019_07_17_19_52_47_150.jpg,0
driving_images\center_2019_07_17_19_52_47_220.jpg,0.05
driving_images\center_2019_07_17_19_52_47_288.jpg,0.2
driving_images\center_2019_07_17_19_52_47_357.jpg,0.4
driving_images\center_2019_07_17_19_52_47_429.jpg,0
driving_images\center_2019_07_17_19_52_47_500.jpg,0
driving_images\center_2019_07_17_19_52_47_572.jpg,0.15
driving_images\center_2019_07_17_19_52_47_643.jpg,0
driving_images\center_2019_07_17_19_52_47_711.jpg,0
driving_images\center_2019_07_17_19_52_47_781.jpg,0.15
driving_images\center_2019_07_17_19_52_47_852.jpg,0.35
driving_images\center_2019_07_17_19_52_47_922.jpg,0.5000001
driving_images\center_2019_07_17_19_52_47_992.jpg,0.7
driving_images\center_2019_07_17_19_52_48_060.jpg,0.8500001
driving_images\center_2019_07_17_19_52_48_130.jpg,0
driving_images\center_2019_07_17_19_52_48_200.jpg,0
driving_images\center_2019_07_17_19_52_48_271.jpg,0
driving_images\center_2019_07_17_19_52_48_338.jpg,0
driving_images\center_2019_07_17_19_52_48_406.jpg,0
driving_images\center_2019_07_17_19_52_48_472.jpg,0
driving_images\center_2019_07_17_19_52_48_541.jpg,0.05
driving_images\center_2019_07_17_19_52_48_610.jpg,0.2
driving_images\center_2019_07_17_19_52_48_682.jpg,0.4
driving_images\center_2019_07_17_19_52_48_749.jpg,0.5500001
driving_images\center_2019_07_17_19_52_48_820.jpg,0.7500002
driving_images\center_2019_07_17_19_52_48_889.jpg,0.9000002
driving_images\center_2019_07_17_19_52_48_959.jpg,0
driving_images\center_2019_07_17_19_52_49_028.jpg,0
driving_images\center_2019_07_17_19_52_49_101.jpg,0
driving_images\center_2019_07_17_19_52_49_168.jpg,0.05
driving_images\center_2019_07_17_19_52_49_242.jpg,0.25
driving_images\center_2019_07_17_19_52_49_311.jpg,0.4
driving_images\center_2019_07_17_19_52_49_383.jpg,0.6000001
driving_images\center_2019_07_17_19_52_49_454.jpg,0
driving_images\center_2019_07_17_19_52_49_526.jpg,0
driving_images\center_2019_07_17_19_52_49_599.jpg,0
driving_images\center_2019_07_17_19_52_49_671.jpg,0
driving_images\center_2019_07_17_19_52_49_738.jpg,0.15
driving_images\center_2019_07_17_19_52_49_812.jpg,0.35
driving_images\center_2019_07_17_19_52_49_882.jpg,0.5000001
driving_images\center_2019_07_17_19_52_49_950.jpg,0.6500001
driving_images\center_2019_07_17_19_52_50_018.jpg,0
driving_images\center_2019_07_17_19_52_50_087.jpg,0
driving_images\center_2019_07_17_19_52_50_159.jpg,0
driving_images\center_2019_07_17_19_52_50_229.jpg,0
driving_images\center_2019_07_17_19_52_50_299.jpg,0
driving_images\center_2019_07_17_19_52_50_370.jpg,0.15
driving_images\center_2019_07_17_19_52_50_439.jpg,0.35
driving_images\center_2019_07_17_19_52_50_510.jpg,0.5500001
driving_images\center_2019_07_17_19_52_50_586.jpg,0
driving_images\center_2019_07_17_19_52_50_656.jpg,0
driving_images\center_2019_07_17_19_52_50_723.jpg,0
driving_images\center_2019_07_17_19_52_50_798.jpg,0
driving_images\center_2019_07_17_19_52_50_867.jpg,0
driving_images\center_2019_07_17_19_52_50_933.jpg,0
driving_images\center_2019_07_17_19_52_51_008.jpg,0
driving_images\center_2019_07_17_19_52_51_075.jpg,0
driving_images\center_2019_07_17_19_52_51_145.jpg,0
driving_images\center_2019_07_17_19_52_51_216.jpg,0
driving_images\center_2019_07_17_19_52_51_284.jpg,0
driving_images\center_2019_07_17_19_52_51_356.jpg,0
driving_images\center_2019_07_17_19_52_51_428.jpg,0
driving_images\center_2019_07_17_19_52_51_497.jpg,0
driving_images\center_2019_07_17_19_52_51_566.jpg,0
driving_images\center_2019_07_17_19_52_51_632.jpg,0
driving_images\center_2019_07_17_19_52_51_702.jpg,0
driving_images\center_2019_07_17_19_52_51_776.jpg,0
driving_images\center_2019_07_17_19_52_51_843.jpg,0
driving_images\center_2019_07_17_19_52_51_911.jpg,0
driving_images\center_2019_07_17_19_52_51_978.jpg,0
driving_images\center_2019_07_17_19_52_52_046.jpg,0
driving_images\center_2019_07_17_19_52_52_114.jpg,0
driving_images\center_2019_07_17_19_52_52_184.jpg,0
driving_images\center_2019_07_17_19_52_52_254.jpg,0
driving_images\center_2019_07_17_19_52_52_324.jpg,0
driving_images\center_2019_07_17_19_52_52_392.jpg,0
driving_images\center_2019_07_17_19_52_52_463.jpg,0
driving_images\center_2019_07_17_19_52_52_531.jpg,0
driving_images\center_2019_07_17_19_52_52_601.jpg,0
driving_images\center_2019_07_17_19_52_52_674.jpg,0
driving_images\center_2019_07_17_19_52_52_743.jpg,0
driving_images\center_2019_07_17_19_52_52_813.jpg,0
driving_images\center_2019_07_17_19_52_52_884.jpg,0
driving_images\center_2019_07_17_19_52_52_950.jpg,0
driving_images\center_2019_07_17_19_52_53_018.jpg,0
driving_images\center_2019_07_17_19_52_53_086.jpg,0
driving_images\center_2019_07_17_19_52_53_157.jpg,0
driving_images\center_2019_07_17_19_52_53_224.jpg,0
driving_images\center_2019_07_17_19_52_53_296.jpg,0
driving_images\center_2019_07_17_19_52_53_364.jpg,0
driving_images\center_2019_07_17_19_52_53_434.jpg,0
driving_images\center_2019_07_17_19_52_53_505.jpg,0
driving_images\center_2019_07_17_19_52_53_572.jpg,0
driving_images\center_2019_07_17_19_52_53_639.jpg,0
driving_images\center_2019_07_17_19_52_53_707.jpg,0
driving_images\center_2019_07_17_19_52_53_775.jpg,0
driving_images\center_2019_07_17_19_52_53_841.jpg,0
driving_images\center_2019_07_17_19_52_53_913.jpg,0
driving_images\center_2019_07_17_19_52_53_981.jpg,0
driving_images\center_2019_07_17_19_52_54_052.jpg,0
driving_images\center_2019_07_17_19_52_54_124.jpg,0
driving_images\center_2019_07_17_19_52_54_195.jpg,0
driving_images\center_2019_07_17_19_52_54_265.jpg,0
driving_images\center_2019_07_17_19_52_54_333.jpg,0
driving_images\center_2019_07_17_19_52_54_401.jpg,0
driving_images\center_2019_07_17_19_52_54_471.jpg,0
driving_images\center_2019_07_17_19_52_54_541.jpg,0
driving_images\center_2019_07_17_19_52_54_610.jpg,0
driving_images\center_2019_07_17_19_52_54_683.jpg,0
driving_images\center_2019_07_17_19_52_54_753.jpg,0
driving_images\center_2019_07_17_19_52_54_821.jpg,0
driving_images\center_2019_07_17_19_52_54_890.jpg,0
driving_images\center_2019_07_17_19_52_54_957.jpg,0
driving_images\center_2019_07_17_19_52_55_026.jpg,-0.1
driving_images\center_2019_07_17_19_52_55_096.jpg,0
driving_images\center_2019_07_17_19_52_55_162.jpg,0
driving_images\center_2019_07_17_19_52_55_235.jpg,0
driving_images\center_2019_07_17_19_52_55_306.jpg,0
driving_images\center_2019_07_17_19_52_55_378.jpg,0
driving_images\center_2019_07_17_19_52_55_450.jpg,0
driving_images\center_2019_07_17_19_52_55_516.jpg,-0.2
driving_images\center_2019_07_17_19_52_55_586.jpg,-0.35
driving_images\center_2019_07_17_19_52_55_656.jpg,0
driving_images\center_2019_07_17_19_52_55_728.jpg,0
driving_images\center_2019_07_17_19_52_55_799.jpg,0
driving_images\center_2019_07_17_19_52_55_867.jpg,0
driving_images\center_2019_07_17_19_52_55_935.jpg,0
driving_images\center_2019_07_17_19_52_56_004.jpg,-0.1
driving_images\center_2019_07_17_19_52_56_070.jpg,-0.25
driving_images\center_2019_07_17_19_52_56_137.jpg,-0.45
driving_images\center_2019_07_17_19_52_56_208.jpg,0
driving_images\center_2019_07_17_19_52_56_276.jpg,0
driving_images\center_2019_07_17_19_52_56_343.jpg,0
driving_images\center_2019_07_17_19_52_56_412.jpg,0
driving_images\center_2019_07_17_19_52_56_483.jpg,0
driving_images\center_2019_07_17_19_52_56_554.jpg,0
driving_images\center_2019_07_17_19_52_56_627.jpg,0
driving_images\center_2019_07_17_19_52_56_694.jpg,-0.15
driving_images\center_2019_07_17_19_52_56_761.jpg,-0.3
driving_images\center_2019_07_17_19_52_56_833.jpg,-0.5000001
driving_images\center_2019_07_17_19_52_56_899.jpg,0
driving_images\center_2019_07_17_19_52_56_967.jpg,0
driving_images\center_2019_07_17_19_52_57_038.jpg,0
driving_images\center_2019_07_17_19_52_57_106.jpg,0
driving_images\center_2019_07_17_19_52_57_178.jpg,0
driving_images\center_2019_07_17_19_52_57_246.jpg,-0.15
driving_images\center_2019_07_17_19_52_57_314.jpg,-0.35
driving_images\center_2019_07_17_19_52_57_381.jpg,0
driving_images\center_2019_07_17_19_52_57_451.jpg,0
driving_images\center_2019_07_17_19_52_57_519.jpg,0
driving_images\center_2019_07_17_19_52_57_590.jpg,0
driving_images\center_2019_07_17_19_52_57_660.jpg,0
driving_images\center_2019_07_17_19_52_57_732.jpg,-0.05
driving_images\center_2019_07_17_19_52_57_801.jpg,-0.2
driving_images\center_2019_07_17_19_52_57_872.jpg,-0.4
driving_images\center_2019_07_17_19_52_57_943.jpg,-0.5500001
driving_images\center_2019_07_17_19_52_58_014.jpg,-0.7500002
driving_images\center_2019_07_17_19_52_58_085.jpg,-0.9000002
driving_images\center_2019_07_17_19_52_58_156.jpg,0
driving_images\center_2019_07_17_19_52_58_226.jpg,0
driving_images\center_2019_07_17_19_52_58_294.jpg,0
driving_images\center_2019_07_17_19_52_58_364.jpg,0
driving_images\center_2019_07_17_19_52_58_436.jpg,0
driving_images\center_2019_07_17_19_52_58_505.jpg,-0.05
driving_images\center_2019_07_17_19_52_58_576.jpg,-0.25
driving_images\center_2019_07_17_19_52_58_646.jpg,-0.4
driving_images\center_2019_07_17_19_52_58_715.jpg,0
driving_images\center_2019_07_17_19_52_58_784.jpg,0
driving_images\center_2019_07_17_19_52_58_854.jpg,0
driving_images\center_2019_07_17_19_52_58_924.jpg,-0.1
driving_images\center_2019_07_17_19_52_58_995.jpg,-0.3
driving_images\center_2019_07_17_19_52_59_062.jpg,-0.45
driving_images\center_2019_07_17_19_52_59_130.jpg,-0.6000001
driving_images\center_2019_07_17_19_52_59_197.jpg,0
driving_images\center_2019_07_17_19_52_59_270.jpg,0
driving_images\center_2019_07_17_19_52_59_337.jpg,0
driving_images\center_2019_07_17_19_52_59_405.jpg,0
driving_images\center_2019_07_17_19_52_59_474.jpg,-0.15
driving_images\center_2019_07_17_19_52_59_542.jpg,-0.3
driving_images\center_2019_07_17_19_52_59_609.jpg,-0.45
driving_images\center_2019_07_17_19_52_59_679.jpg,-0.6500001
driving_images\center_2019_07_17_19_52_59_751.jpg,0
driving_images\center_2019_07_17_19_52_59_823.jpg,0
driving_images\center_2019_07_17_19_52_59_896.jpg,0
driving_images\center_2019_07_17_19_52_59_962.jpg,-0.05
driving_images\center_2019_07_17_19_53_00_033.jpg,-0.25
driving_images\center_2019_07_17_19_53_00_102.jpg,-0.4
driving_images\center_2019_07_17_19_53_00_172.jpg,-0.6000001
driving_images\center_2019_07_17_19_53_00_242.jpg,0
driving_images\center_2019_07_17_19_53_00_313.jpg,0
driving_images\center_2019_07_17_19_53_00_384.jpg,0
driving_images\center_2019_07_17_19_53_00_457.jpg,0
driving_images\center_2019_07_17_19_53_00_531.jpg,-0.15
driving_images\center_2019_07_17_19_53_00_602.jpg,-0.3
driving_images\center_2019_07_17_19_53_00_672.jpg,-0.5000001
driving_images\center_2019_07_17_19_53_00_743.jpg,0
driving_images\center_2019_07_17_19_53_00_817.jpg,0
driving_images\center_2019_07_17_19_53_00_884.jpg,0
driving_images\center_2019_07_17_19_53_00_958.jpg,-0.05
driving_images\center_2019_07_17_19_53_01_027.jpg,-0.2
driving_images\center_2019_07_17_19_53_01_098.jpg,-0.4
driving_images\center_2019_07_17_19_53_01_172.jpg,0
driving_images\center_2019_07_17_19_53_01_246.jpg,0
driving_images\center_2019_07_17_19_53_01_313.jpg,0
driving_images\center_2019_07_17_19_53_01_380.jpg,0
driving_images\center_2019_07_17_19_53_01_450.jpg,0
driving_images\center_2019_07_17_19_53_01_518.jpg,0
driving_images\center_2019_07_17_19_53_01_586.jpg,0
driving_images\center_2019_07_17_19_53_01_655.jpg,0
driving_images\center_2019_07_17_19_53_01_724.jpg,-0.15
driving_images\center_2019_07_17_19_53_01_792.jpg,0
driving_images\center_2019_07_17_19_53_01_860.jpg,0
driving_images\center_2019_07_17_19_53_01_930.jpg,0
driving_images\center_2019_07_17_19_53_01_999.jpg,0
driving_images\center_2019_07_17_19_53_02_071.jpg,0
driving_images\center_2019_07_17_19_53_02_146.jpg,-0.05
driving_images\center_2019_07_17_19_53_02_213.jpg,-0.25
driving_images\center_2019_07_17_19_53_02_286.jpg,-0.4
driving_images\center_2019_07_17_19_53_02_359.jpg,0
driving_images\center_2019_07_17_19_53_02_429.jpg,0
driving_images\center_2019_07_17_19_53_02_504.jpg,0
driving_images\center_2019_07_17_19_53_02_577.jpg,0
driving_images\center_2019_07_17_19_53_02_651.jpg,-0.15
driving_images\center_2019_07_17_19_53_02_725.jpg,-0.3
driving_images\center_2019_07_17_19_53_02_798.jpg,-0.5000001
driving_images\center_2019_07_17_19_53_02_867.jpg,0
driving_images\center_2019_07_17_19_53_02_939.jpg,0
driving_images\center_2019_07_17_19_53_03_008.jpg,0
driving_images\center_2019_07_17_19_53_03_081.jpg,0
driving_images\center_2019_07_17_19_53_03_154.jpg,-0.1
driving_images\center_2019_07_17_19_53_03_225.jpg,-0.25
driving_images\center_2019_07_17_19_53_03_296.jpg,0
driving_images\center_2019_07_17_19_53_03_365.jpg,0
driving_images\center_2019_07_17_19_53_03_433.jpg,0
driving_images\center_2019_07_17_19_53_03_505.jpg,0
driving_images\center_2019_07_17_19_53_03_581.jpg,0
driving_images\center_2019_07_17_19_53_03_648.jpg,0
driving_images\center_2019_07_17_19_53_03_717.jpg,-0.1
driving_images\center_2019_07_17_19_53_03_784.jpg,-0.25
driving_images\center_2019_07_17_19_53_03_851.jpg,0
driving_images\center_2019_07_17_19_53_03_919.jpg,0
driving_images\center_2019_07_17_19_53_03_987.jpg,0
driving_images\center_2019_07_17_19_53_04_054.jpg,0
driving_images\center_2019_07_17_19_53_04_121.jpg,-0.1
driving_images\center_2019_07_17_19_53_04_188.jpg,-0.25
driving_images\center_2019_07_17_19_53_04_259.jpg,0
driving_images\center_2019_07_17_19_53_04_330.jpg,0
driving_images\center_2019_07_17_19_53_04_405.jpg,0
driving_images\center_2019_07_17_19_53_04_481.jpg,0
driving_images\center_2019_07_17_19_53_04_555.jpg,0
driving_images\center_2019_07_17_19_53_04_633.jpg,0
driving_images\center_2019_07_17_19_53_04_709.jpg,0
driving_images\center_2019_07_17_19_53_04_783.jpg,-0.05
driving_images\center_2019_07_17_19_53_04_853.jpg,-0.25
driving_images\center_2019_07_17_19_53_04_922.jpg,0
driving_images\center_2019_07_17_19_53_04_991.jpg,0
driving_images\center_2019_07_17_19_53_05_058.jpg,0
driving_images\center_2019_07_17_19_53_05_132.jpg,0
driving_images\center_2019_07_17_19_53_05_204.jpg,0
driving_images\center_2019_07_17_19_53_05_276.jpg,-0.05
driving_images\center_2019_07_17_19_53_05_354.jpg,-0.25
driving_images\center_2019_07_17_19_53_05_426.jpg,-0.4
driving_images\center_2019_07_17_19_53_05_502.jpg,0
driving_images\center_2019_07_17_19_53_05_576.jpg,0
driving_images\center_2019_07_17_19_53_05_644.jpg,0
driving_images\center_2019_07_17_19_53_05_714.jpg,0
driving_images\center_2019_07_17_19_53_05_783.jpg,-0.1
driving_images\center_2019_07_17_19_53_05_855.jpg,-0.3
driving_images\center_2019_07_17_19_53_05_934.jpg,0
driving_images\center_2019_07_17_19_53_06_011.jpg,0
driving_images\center_2019_07_17_19_53_06_087.jpg,0
driving_images\center_2019_07_17_19_53_06_158.jpg,0
driving_images\center_2019_07_17_19_53_06_229.jpg,0
driving_images\center_2019_07_17_19_53_06_296.jpg,0
driving_images\center_2019_07_17_19_53_06_365.jpg,-0.15
driving_images\center_2019_07_17_19_53_06_432.jpg,-0.35
driving_images\center_2019_07_17_19_53_06_498.jpg,0
driving_images\center_2019_07_17_19_53_06_567.jpg,0
driving_images\center_2019_07_17_19_53_06_635.jpg,0
driving_images\center_2019_07_17_19_53_06_703.jpg,0
driving_images\center_2019_07_17_19_53_06_770.jpg,0
driving_images\center_2019_07_17_19_53_06_836.jpg,0
driving_images\center_2019_07_17_19_53_06_908.jpg,-0.15
driving_images\center_2019_07_17_19_53_06_981.jpg,0
driving_images\center_2019_07_17_19_53_07_052.jpg,0
driving_images\center_2019_07_17_19_53_07_119.jpg,0
driving_images\center_2019_07_17_19_53_07_198.jpg,0
driving_images\center_2019_07_17_19_53_07_264.jpg,0
driving_images\center_2019_07_17_19_53_07_341.jpg,-0.05
driving_images\center_2019_07_17_19_53_07_417.jpg,-0.25
driving_images\center_2019_07_17_19_53_07_493.jpg,0
driving_images\center_2019_07_17_19_53_07_560.jpg,0
driving_images\center_2019_07_17_19_53_07_633.jpg,0
driving_images\center_2019_07_17_19_53_07_707.jpg,0
driving_images\center_2019_07_17_19_53_07_781.jpg,0
driving_images\center_2019_07_17_19_53_07_853.jpg,0
driving_images\center_2019_07_17_19_53_07_924.jpg,0
driving_images\center_2019_07_17_19_53_07_996.jpg,0
driving_images\center_2019_07_17_19_53_08_066.jpg,-0.15
driving_images\center_2019_07_17_19_53_08_134.jpg,-0.35
driving_images\center_2019_07_17_19_53_08_210.jpg,0
driving_images\center_2019_07_17_19_53_08_280.jpg,0
driving_images\center_2019_07_17_19_53_08_351.jpg,0
driving_images\center_2019_07_17_19_53_08_424.jpg,0
driving_images\center_2019_07_17_19_53_08_499.jpg,0
driving_images\center_2019_07_17_19_53_08_571.jpg,0
driving_images\center_2019_07_17_19_53_08_643.jpg,-0.1
driving_images\center_2019_07_17_19_53_08_715.jpg,-0.3
driving_images\center_2019_07_17_19_53_08_785.jpg,0
driving_images\center_2019_07_17_19_53_08_855.jpg,0
driving_images\center_2019_07_17_19_53_08_926.jpg,0
driving_images\center_2019_07_17_19_53_08_994.jpg,0
driving_images\center_2019_07_17_19_53_09_064.jpg,0
driving_images\center_2019_07_17_19_53_09_133.jpg,0
driving_images\center_2019_07_17_19_53_09_202.jpg,-0.15
driving_images\center_2019_07_17_19_53_09_269.jpg,-0.3
driving_images\center_2019_07_17_19_53_09_338.jpg,0
driving_images\center_2019_07_17_19_53_09_410.jpg,0
driving_images\center_2019_07_17_19_53_09_478.jpg,0
driving_images\center_2019_07_17_19_53_09_554.jpg,0
driving_images\center_2019_07_17_19_53_09_621.jpg,0
driving_images\center_2019_07_17_19_53_09_692.jpg,-0.05
driving_images\center_2019_07_17_19_53_09_766.jpg,-0.2
driving_images\center_2019_07_17_19_53_09_840.jpg,0
driving_images\center_2019_07_17_19_53_09_911.jpg,0
driving_images\center_2019_07_17_19_53_09_979.jpg,0
driving_images\center_2019_07_17_19_53_10_050.jpg,0
driving_images\center_2019_07_17_19_53_10_123.jpg,0
driving_images\center_2019_07_17_19_53_10_193.jpg,-0.05
driving_images\center_2019_07_17_19_53_10_262.jpg,-0.2
driving_images\center_2019_07_17_19_53_10_329.jpg,-0.35
driving_images\center_2019_07_17_19_53_10_398.jpg,0
driving_images\center_2019_07_17_19_53_10_465.jpg,0
driving_images\center_2019_07_17_19_53_10_533.jpg,0
driving_images\center_2019_07_17_19_53_10_610.jpg,0
driving_images\center_2019_07_17_19_53_10_678.jpg,0
driving_images\center_2019_07_17_19_53_10_751.jpg,-0.2
driving_images\center_2019_07_17_19_53_10_828.jpg,0
driving_images\center_2019_07_17_19_53_10_902.jpg,0
driving_images\center_2019_07_17_19_53_10_980.jpg,0
driving_images\center_2019_07_17_19_53_11_051.jpg,0
driving_images\center_2019_07_17_19_53_11_130.jpg,0
driving_images\center_2019_07_17_19_53_11_200.jpg,0
driving_images\center_2019_07_17_19_53_11_268.jpg,0
driving_images\center_2019_07_17_19_53_11_342.jpg,0
driving_images\center_2019_07_17_19_53_11_413.jpg,0
driving_images\center_2019_07_17_19_53_11_486.jpg,0
driving_images\center_2019_07_17_19_53_11_562.jpg,0
driving_images\center_2019_07_17_19_53_11_629.jpg,0
driving_images\center_2019_07_17_19_53_11_707.jpg,0
driving_images\center_2019_07_17_19_53_11_783.jpg,0
driving_images\center_2019_07_17_19_53_11_851.jpg,-0.1
driving_images\center_2019_07_17_19_53_11_925.jpg,0
driving_images\center_2019_07_17_19_53_11_998.jpg,0
driving_images\center_2019_07_17_19_53_12_070.jpg,0
driving_images\center_2019_07_17_19_53_12_144.jpg,0
driving_images\center_2019_07_17_19_53_12_220.jpg,0
driving_images\center_2019_07_17_19_53_12_287.jpg,0
driving_images\center_2019_07_17_19_53_12_359.jpg,0
driving_images\center_2019_07_17_19_53_12_426.jpg,0
driving_images\center_2019_07_17_19_53_12_495.jpg,0
driving_images\center_2019_07_17_19_53_12_572.jpg,-0.15
driving_images\center_2019_07_17_19_53_12_642.jpg,-0.3
driving_images\center_2019_07_17_19_53_12_709.jpg,0
driving_images\center_2019_07_17_19_53_12_778.jpg,0
driving_images\center_2019_07_17_19_53_12_850.jpg,0
driving_images\center_2019_07_17_19_53_12_918.jpg,0
driving_images\center_2019_07_17_19_53_12_988.jpg,0
driving_images\center_2019_07_17_19_53_13_060.jpg,0
driving_images\center_2019_07_17_19_53_13_134.jpg,0
driving_images\center_2019_07_17_19_53_13_208.jpg,0
driving_images\center_2019_07_17_19_53_13_286.jpg,0
driving_images\center_2019_07_17_19_53_13_360.jpg,0
driving_images\center_2019_07_17_19_53_13_437.jpg,0
driving_images\center_2019_07_17_19_53_13_506.jpg,0
driving_images\center_2019_07_17_19_53_13_573.jpg,0
driving_images\center_2019_07_17_19_53_13_641.jpg,0
driving_images\center_2019_07_17_19_53_13_717.jpg,0
driving_images\center_2019_07_17_19_53_13_788.jpg,0
driving_images\center_2019_07_17_19_53_13_860.jpg,0
driving_images\center_2019_07_17_19_53_13_932.jpg,0
driving_images\center_2019_07_17_19_53_14_008.jpg,0
driving_images\center_2019_07_17_19_53_14_076.jpg,0
driving_images\center_2019_07_17_19_53_14_147.jpg,0
driving_images\center_2019_07_17_19_53_14_218.jpg,-0.1
driving_images\center_2019_07_17_19_53_14_286.jpg,0
driving_images\center_2019_07_17_19_53_14_356.jpg,0
driving_images\center_2019_07_17_19_53_14_434.jpg,0
driving_images\center_2019_07_17_19_53_14_512.jpg,0
driving_images\center_2019_07_17_19_53_14_590.jpg,0
driving_images\center_2019_07_17_19_53_14_666.jpg,0
driving_images\center_2019_07_17_19_53_14_743.jpg,0
driving_images\center_2019_07_17_19_53_14_820.jpg,0
driving_images\center_2019_07_17_19_53_14_895.jpg,0
driving_images\center_2019_07_17_19_53_14_972.jpg,-0.1
driving_images\center_2019_07_17_19_53_15_039.jpg,0
driving_images\center_2019_07_17_19_53_15_108.jpg,0
driving_images\center_2019_07_17_19_53_15_179.jpg,0
driving_images\center_2019_07_17_19_53_15_247.jpg,0
driving_images\center_2019_07_17_19_53_15_324.jpg,0
driving_images\center_2019_07_17_19_53_15_392.jpg,0
driving_images\center_2019_07_17_19_53_15_462.jpg,0
driving_images\center_2019_07_17_19_53_15_531.jpg,0
driving_images\center_2019_07_17_19_53_15_607.jpg,0
driving_images\center_2019_07_17_19_53_15_684.jpg,0
driving_images\center_2019_07_17_19_53_15_810.jpg,0
